input_file,window_index,window_time_s,mean_power,rms_amplitude,crest_factor,spectral_centroid_hz,spectral_spread_hz,occupied_bandwidth_hz,spectral_entropy,spectral_flatness,peak_frequency_hz,phase_diff_std,cluster_label
drone_sample_iq.dat,0,0.002048,0.080063,0.282954,2.795154,609.495341,255784.779466,985595.703125,0.843062,0.440366,11962.890625,1.582570,1
drone_sample_iq.dat,1,0.004096,0.078826,0.280760,2.726723,9986.648048,258985.016073,987060.546875,0.853755,0.458929,11962.890625,1.596967,1
drone_sample_iq.dat,2,0.006144,0.077732,0.278804,2.674341,-7495.967253,260303.818443,988037.109375,0.856316,0.469370,11962.890625,1.619217,1
drone_sample_iq.dat,3,0.008192,0.080064,0.282956,2.766889,3298.800520,262586.800428,986328.125000,0.851113,0.452948,11962.890625,1.627609,1
drone_sample_iq.dat,4,0.010240,0.079899,0.282664,2.769748,-946.629039,265117.722653,993164.062500,0.850124,0.461323,11962.890625,1.651307,1
drone_sample_iq.dat,5,0.012288,0.079395,0.281771,2.727925,-1741.068244,262514.407748,988281.250000,0.852116,0.455888,11962.890625,1.655168,1
drone_sample_iq.dat,6,0.014336,0.079471,0.281906,2.742683,1675.332662,258453.666372,983642.578125,0.847604,0.452622,11962.890625,1.629138,1
drone_sample_iq.dat,7,0.016384,0.079887,0.282642,2.985663,14142.297160,255577.098251,986816.406250,0.845047,0.456596,11962.890625,1.614710,1
drone_sample_iq.dat,8,0.018432,0.081036,0.284669,2.964411,10033.390954,261951.400563,986328.125000,0.849818,0.466378,11962.890625,1.627621,1
drone_sample_iq.dat,9,0.020480,0.082966,0.288037,2.883781,9495.889988,254254.073314,987548.828125,0.836274,0.435021,11962.890625,1.618835,1
drone_sample_iq.dat,10,0.022528,0.085850,0.293001,2.834924,10812.591546,248787.805060,985107.421875,0.825396,0.420842,11962.890625,1.601348,1
drone_sample_iq.dat,11,0.024576,0.087589,0.295955,3.050481,11540.707966,254927.079052,986328.125000,0.828091,0.427401,11962.890625,1.595119,1
drone_sample_iq.dat,12,0.026624,0.089528,0.299212,3.345922,13238.378755,246078.056965,982910.156250,0.805464,0.402564,11962.890625,1.554050,1
drone_sample_iq.dat,13,0.028672,0.092641,0.304369,3.289229,19128.844847,247288.659558,984619.140625,0.790478,0.397734,11962.890625,1.540019,1
drone_sample_iq.dat,14,0.030720,0.097239,0.311831,3.065844,26204.939231,238377.332791,977783.203125,0.781673,0.381674,110595.703125,1.528472,1
drone_sample_iq.dat,15,0.032768,0.101595,0.318740,2.939935,37581.125570,230910.235354,983398.437500,0.744376,0.363831,110595.703125,1.477818,1
drone_sample_iq.dat,16,0.034816,0.106955,0.327040,2.749131,28481.114543,229416.461651,981445.312500,0.720370,0.342979,110595.703125,1.430420,1
drone_sample_iq.dat,17,0.036864,0.113581,0.337017,2.711641,33583.469758,223760.827052,981201.171875,0.702293,0.327523,110595.703125,1.395345,1
drone_sample_iq.dat,18,0.038912,0.123736,0.351761,2.597988,37044.509399,218103.078541,982666.015625,0.669890,0.305257,110839.843750,1.377572,5
drone_sample_iq.dat,19,0.040960,0.132573,0.364106,2.645205,44575.776677,208942.192107,978515.625000,0.641830,0.282032,110839.843750,1.335472,5
drone_sample_iq.dat,20,0.043008,0.140809,0.375245,2.659272,52281.628174,200246.879549,981689.453125,0.593946,0.257925,110839.843750,1.236928,5
drone_sample_iq.dat,21,0.045056,0.155165,0.393910,2.536942,51948.001963,196579.427599,971191.406250,0.576555,0.244363,110839.843750,1.178178,5
drone_sample_iq.dat,22,0.047104,0.168094,0.409993,2.817732,61865.994244,188279.326180,970947.265625,0.551601,0.229816,110839.843750,1.112834,5
drone_sample_iq.dat,23,0.049152,0.179048,0.423141,2.730178,66715.831852,179409.053474,971435.546875,0.510539,0.202691,110839.843750,1.037708,5
drone_sample_iq.dat,24,0.051200,0.196741,0.443555,2.490633,70514.036661,171045.997282,971191.406250,0.486450,0.181930,110839.843750,0.999581,5
drone_sample_iq.dat,25,0.053248,0.216687,0.465496,2.469455,69378.418796,170161.837551,973144.531250,0.464028,0.176145,110839.843750,0.933416,5
drone_sample_iq.dat,26,0.055296,0.235704,0.485494,2.385023,75890.139980,158182.765614,960205.078125,0.433143,0.155059,111083.984375,0.842976,5
drone_sample_iq.dat,27,0.057344,0.257768,0.507709,2.280668,77852.564720,155181.075905,960937.500000,0.413614,0.142411,111083.984375,0.758950,5
drone_sample_iq.dat,28,0.059392,0.323872,0.569098,2.303625,91950.247486,148713.982206,956787.109375,0.412273,0.126119,111083.984375,0.848786,5
drone_sample_iq.dat,29,0.061440,0.421937,0.649567,2.355568,136071.482143,141372.980448,938964.843750,0.363032,0.085394,111083.984375,1.002315,2
drone_sample_iq.dat,30,0.063488,0.485851,0.697030,2.195167,139470.223088,135496.140655,913574.218750,0.349354,0.077790,111083.984375,1.035574,2
drone_sample_iq.dat,31,0.065536,0.529937,0.727968,2.361415,144063.735027,131275.575119,910400.390625,0.334846,0.068419,111083.984375,1.026696,2
drone_sample_iq.dat,32,0.067584,0.574597,0.758022,2.267791,143030.005429,128067.136846,912841.796875,0.329101,0.067342,111083.984375,0.994011,2
drone_sample_iq.dat,33,0.069632,0.614558,0.783938,2.066486,143302.988632,125296.251313,899902.343750,0.318357,0.061383,111328.125000,0.965889,2
drone_sample_iq.dat,34,0.071680,0.656620,0.810321,2.258254,147955.761425,119464.261602,895507.812500,0.307077,0.054603,111328.125000,0.971077,2
drone_sample_iq.dat,35,0.073728,0.704983,0.839632,2.179419,147883.735677,116906.534673,891357.421875,0.299776,0.051128,111328.125000,0.952640,2
drone_sample_iq.dat,36,0.075776,0.752547,0.867495,2.085415,149133.942351,117099.683771,898193.359375,0.297734,0.050745,111328.125000,0.951781,2
drone_sample_iq.dat,37,0.077824,0.803142,0.896182,2.133712,148733.232198,115056.514112,876708.984375,0.288513,0.046296,111328.125000,0.964204,2
drone_sample_iq.dat,38,0.079872,0.860013,0.927369,2.061956,150791.352581,112598.457116,876464.843750,0.285677,0.043089,111328.125000,0.947429,2
drone_sample_iq.dat,39,0.081920,0.915837,0.956994,2.051538,152584.937508,107379.936428,851318.359375,0.276841,0.039379,111328.125000,0.932180,2
drone_sample_iq.dat,40,0.083968,0.965423,0.982559,1.998158,152482.432470,106082.989655,839599.609375,0.274444,0.037079,111328.125000,0.924541,2
drone_sample_iq.dat,41,0.086016,1.013281,1.006618,1.970195,153084.089782,103977.976765,835449.218750,0.269047,0.035461,111328.125000,0.922859,2
drone_sample_iq.dat,42,0.088064,1.051300,1.025329,1.966507,154081.017701,104963.371671,847900.390625,0.268253,0.035801,111572.265625,0.930804,2
drone_sample_iq.dat,43,0.090112,0.794154,0.891153,2.262593,175080.297329,117347.891316,874755.859375,0.338302,0.050711,242675.781250,0.822390,2
drone_sample_iq.dat,44,0.092160,0.538267,0.733667,1.952280,207470.061405,130197.678455,916748.046875,0.265267,0.068751,242675.781250,0.448566,0
drone_sample_iq.dat,45,0.094208,0.559324,0.747880,1.904213,206874.887896,135235.964474,925781.250000,0.266586,0.070362,242675.781250,0.459561,0
drone_sample_iq.dat,46,0.096256,0.570871,0.755560,2.016063,208371.946843,128909.510396,911132.812500,0.259367,0.065689,242675.781250,0.454585,0
drone_sample_iq.dat,47,0.098304,0.587582,0.766539,1.987187,208511.284447,130067.693649,918212.890625,0.256390,0.065173,242675.781250,0.437344,0
drone_sample_iq.dat,48,0.100352,0.603620,0.776930,1.896190,211517.779462,121989.083596,899902.343750,0.247833,0.060038,242675.781250,0.411366,0
drone_sample_iq.dat,49,0.102400,0.623112,0.789374,2.006722,212819.954472,120551.177467,900390.625000,0.242776,0.058028,242431.640625,0.385984,0
drone_sample_iq.dat,50,0.104448,0.641632,0.801020,1.977549,213881.792024,119012.102430,903808.593750,0.238328,0.055157,242431.640625,0.378114,0
drone_sample_iq.dat,51,0.106496,0.652271,0.807633,2.131858,212099.791126,121940.189520,896484.375000,0.238049,0.056538,242431.640625,0.383403,0
drone_sample_iq.dat,52,0.108544,0.663006,0.814252,2.114528,213158.693951,120195.449523,893310.546875,0.242712,0.057608,242431.640625,0.388470,0
drone_sample_iq.dat,53,0.110592,0.680330,0.824821,1.782007,215080.827231,116211.421398,895507.812500,0.233447,0.052581,242431.640625,0.370820,0
drone_sample_iq.dat,54,0.112640,0.700652,0.837050,1.755973,215521.565233,114361.485837,891357.421875,0.230541,0.053613,242431.640625,0.359763,0
drone_sample_iq.dat,55,0.114688,0.704664,0.839442,1.745809,215710.780638,114212.359324,884033.203125,0.227070,0.051798,242431.640625,0.360847,0
drone_sample_iq.dat,56,0.116736,0.708826,0.841918,1.740676,216640.709013,114240.614871,892333.984375,0.226994,0.050296,242431.640625,0.358295,0
drone_sample_iq.dat,57,0.118784,0.813263,0.901811,2.261732,218422.201139,115263.871452,895019.531250,0.234633,0.051768,242187.500000,0.587582,0
drone_sample_iq.dat,58,0.120832,1.059346,1.029245,1.981700,283390.225742,125761.934285,826171.875000,0.278048,0.033103,242187.500000,0.947633,6
drone_sample_iq.dat,59,0.122880,1.215952,1.102702,1.797748,288475.551545,122207.779390,805664.062500,0.257484,0.029761,242187.500000,1.146035,6
drone_sample_iq.dat,60,0.124928,1.220354,1.104697,2.056431,287300.317569,124345.956698,811035.156250,0.259592,0.030511,242187.500000,1.164459,6
drone_sample_iq.dat,61,0.126976,1.211816,1.100825,2.063663,287114.840361,123719.413244,813232.421875,0.259806,0.031413,242187.500000,1.130693,6
drone_sample_iq.dat,62,0.129024,1.213788,1.101721,1.955168,287022.304100,123033.684825,820068.359375,0.258327,0.030947,242187.500000,1.095641,6
drone_sample_iq.dat,63,0.131072,1.216505,1.102953,1.851571,285677.548400,124190.785121,812500.000000,0.259900,0.031715,242187.500000,1.092662,6
drone_sample_iq.dat,64,0.133120,1.200791,1.095806,1.908592,287544.835334,122828.912410,801513.671875,0.259600,0.030641,242187.500000,1.091615,6
drone_sample_iq.dat,65,0.135168,1.182045,1.087219,1.923666,286880.177000,123954.032386,815917.968750,0.260696,0.031326,242187.500000,1.093954,6
drone_sample_iq.dat,66,0.137216,1.170030,1.081679,2.184180,285475.276041,125489.947659,827392.578125,0.261757,0.032277,242187.500000,1.128951,6
drone_sample_iq.dat,67,0.139264,1.147639,1.071279,2.205385,285377.200258,126579.792696,841064.453125,0.263333,0.033394,242187.500000,1.120990,6
drone_sample_iq.dat,68,0.141312,1.109197,1.053184,1.965662,285171.941982,128138.246691,827392.578125,0.265174,0.033521,242187.500000,1.128296,6
drone_sample_iq.dat,69,0.143360,1.087055,1.042619,1.944077,283837.435104,129305.344059,836914.062500,0.264217,0.033588,242187.500000,1.142162,6
drone_sample_iq.dat,70,0.145408,1.067917,1.033401,1.923783,284945.147778,129976.438597,831542.968750,0.267156,0.035519,241943.359375,1.144098,6
drone_sample_iq.dat,71,0.147456,1.032512,1.016126,1.956488,281933.051172,129914.733869,843750.000000,0.270505,0.036716,241943.359375,1.155144,6
drone_sample_iq.dat,72,0.149504,1.013587,1.006770,1.925255,282239.726284,130472.939729,840576.171875,0.271891,0.037113,241943.359375,1.172456,6
drone_sample_iq.dat,73,0.151552,0.992099,0.996042,1.956940,282412.199669,132192.909990,843261.718750,0.271949,0.036944,241943.359375,1.187913,6
drone_sample_iq.dat,74,0.153600,0.955182,0.977334,1.994398,282181.963283,132959.503393,837646.484375,0.275098,0.037799,241943.359375,1.194916,6
drone_sample_iq.dat,75,0.155648,0.926069,0.962325,1.994601,280082.546108,136336.003970,864501.953125,0.279266,0.041848,241943.359375,1.192278,6
drone_sample_iq.dat,76,0.157696,0.888570,0.942640,1.986116,280027.793927,136880.691321,871582.031250,0.283845,0.043484,241943.359375,1.177805,6
drone_sample_iq.dat,77,0.159744,0.663446,0.814522,2.270577,285341.388084,152398.452062,896240.234375,0.345853,0.055035,391601.562500,1.431797,6
drone_sample_iq.dat,78,0.161792,0.426565,0.653119,2.682988,315310.788658,192392.688640,935058.593750,0.314319,0.094389,391601.562500,1.643800,3
drone_sample_iq.dat,79,0.163840,0.377036,0.614032,2.000012,311275.601405,196842.738855,937500.000000,0.320443,0.095378,391601.562500,1.731755,3
drone_sample_iq.dat,80,0.165888,0.358649,0.598873,2.013886,309242.021408,198866.664689,949218.750000,0.324414,0.097652,391601.562500,1.791847,3
drone_sample_iq.dat,81,0.167936,0.349224,0.590952,2.040881,304970.637778,202139.386889,947021.484375,0.334384,0.104452,391601.562500,1.794697,3
drone_sample_iq.dat,82,0.169984,0.332708,0.576808,2.033942,300979.177674,205840.952083,944091.796875,0.347896,0.109889,391601.562500,1.822155,3
drone_sample_iq.dat,83,0.172032,0.313098,0.559551,2.104771,295718.590387,211709.924704,952636.718750,0.359473,0.114433,391601.562500,1.859778,3
drone_sample_iq.dat,84,0.174080,0.297898,0.545800,2.157800,286954.416068,219997.113348,955810.546875,0.378356,0.128091,391601.562500,1.905798,3
drone_sample_iq.dat,85,0.176128,0.278051,0.527305,2.194832,281157.942508,224146.999134,952392.578125,0.390645,0.132812,391601.562500,1.944632,3
drone_sample_iq.dat,86,0.178176,0.264579,0.514372,2.250017,278230.221764,225666.404196,953613.281250,0.399463,0.139734,391601.562500,1.966062,3
drone_sample_iq.dat,87,0.180224,0.252885,0.502877,2.277768,267825.399494,233937.770570,962890.625000,0.414914,0.149875,391601.562500,1.981449,3
drone_sample_iq.dat,88,0.182272,0.236238,0.486044,2.134057,261182.790498,236884.201128,962646.484375,0.436214,0.156872,391601.562500,2.001696,3
drone_sample_iq.dat,89,0.184320,0.223407,0.472660,2.274287,256555.306316,241342.956792,964355.468750,0.446030,0.165525,391357.421875,2.017542,3
drone_sample_iq.dat,90,0.186368,0.210857,0.459191,2.340995,243467.544104,248539.662995,961181.640625,0.466207,0.180871,391357.421875,2.009387,3
drone_sample_iq.dat,91,0.188416,0.198094,0.445078,2.321637,236309.717998,251691.207585,966308.593750,0.490720,0.193328,391357.421875,2.003407,3
drone_sample_iq.dat,92,0.190464,0.184644,0.429702,2.404709,223090.190578,257812.366789,972656.250000,0.519448,0.206723,391357.421875,2.028484,3
drone_sample_iq.dat,93,0.192512,0.172324,0.415119,2.324503,212942.545591,260634.330405,972167.968750,0.525215,0.210138,391357.421875,2.022869,3
drone_sample_iq.dat,94,0.194560,0.165146,0.406381,2.529829,206342.654817,263124.478637,973388.671875,0.540562,0.217766,391357.421875,2.022092,4
drone_sample_iq.dat,95,0.196608,0.154471,0.393028,2.615783,195800.727127,264929.353645,972656.250000,0.569622,0.237415,391357.421875,2.024083,4
drone_sample_iq.dat,96,0.198656,0.143268,0.378508,2.621362,179910.129444,273006.869110,978027.343750,0.597363,0.256232,391357.421875,1.991846,4
drone_sample_iq.dat,97,0.200704,0.133510,0.365390,2.535243,156756.625510,279259.049917,977539.062500,0.629305,0.272644,391357.421875,1.968805,4
drone_sample_iq.dat,98,0.202752,0.125635,0.354450,2.660931,152325.416693,277525.657446,979003.906250,0.644598,0.290707,391357.421875,1.941754,4
drone_sample_iq.dat,99,0.204800,0.121423,0.348458,2.706689,134464.958709,280570.188516,982666.015625,0.673676,0.305735,391357.421875,1.920012,4
drone_sample_iq.dat,100,0.206848,0.114147,0.337857,2.716602,116801.235535,283311.597192,984130.859375,0.703493,0.322416,391357.421875,1.895681,4
drone_sample_iq.dat,101,0.208896,0.108423,0.329277,2.787388,111545.646235,283241.672923,982666.015625,0.723513,0.349898,391357.421875,1.861515,4
drone_sample_iq.dat,102,0.210944,0.103469,0.321667,2.563619,100592.545577,275709.163440,983886.718750,0.740120,0.354340,391357.421875,1.824402,4
drone_sample_iq.dat,103,0.212992,0.098535,0.313902,2.705228,77008.259557,277769.419909,984863.281250,0.757672,0.370349,391357.421875,1.812587,4
drone_sample_iq.dat,104,0.215040,0.095174,0.308502,2.752582,73934.939648,278055.691087,988525.390625,0.787461,0.392470,391357.421875,1.791147,4
drone_sample_iq.dat,105,0.217088,0.092801,0.304633,2.699073,63817.122123,274880.657180,983886.718750,0.786568,0.389416,11962.890625,1.748686,1
drone_sample_iq.dat,106,0.219136,0.086496,0.294102,2.587935,36469.436044,275674.991921,986816.406250,0.822976,0.418563,11962.890625,1.711446,1
drone_sample_iq.dat,107,0.221184,0.078067,0.279404,2.815664,-11388.095487,262320.896221,989257.812500,0.856214,0.470281,11962.890625,1.656839,1
drone_sample_iq.dat,108,0.223232,0.077959,0.279212,3.448273,7447.544734,257282.455852,983398.437500,0.842343,0.442369,11962.890625,1.630306,1
drone_sample_iq.dat,109,0.225280,0.078725,0.280580,3.431465,877.879903,259984.299563,984375.000000,0.849546,0.471760,11962.890625,1.615111,1
drone_sample_iq.dat,110,0.227328,0.077651,0.278659,2.729575,-582.345486,260360.014652,986328.125000,0.851083,0.455177,11962.890625,1.605161,1
drone_sample_iq.dat,111,0.229376,0.078849,0.280800,2.708764,3581.065469,255136.117421,985595.703125,0.859132,0.469778,11962.890625,1.625760,1
drone_sample_iq.dat,112,0.231424,0.080140,0.283090,2.672864,2573.108946,257983.702718,986328.125000,0.845429,0.451788,11962.890625,1.640775,1
drone_sample_iq.dat,113,0.233472,0.080447,0.283632,2.650907,13097.973595,261703.788026,986816.406250,0.856024,0.465026,11962.890625,1.649116,1
drone_sample_iq.dat,114,0.235520,0.080308,0.283386,2.746353,5183.963491,265477.186688,983398.437500,0.845436,0.446441,11962.890625,1.649924,1
drone_sample_iq.dat,115,0.237568,0.077638,0.278635,2.793177,10872.368665,262027.537966,987304.687500,0.857878,0.462850,11962.890625,1.654025,1
drone_sample_iq.dat,116,0.239616,0.077607,0.278580,2.707664,4364.606758,260118.788058,984375.000000,0.859052,0.473147,11962.890625,1.648609,1
drone_sample_iq.dat,117,0.241664,0.079212,0.281447,3.063523,4132.251062,254387.822398,984130.859375,0.841234,0.459440,11962.890625,1.629803,1
drone_sample_iq.dat,118,0.243712,0.080180,0.283161,3.044972,4202.320185,259745.224566,987792.968750,0.842184,0.451414,11962.890625,1.606595,1
drone_sample_iq.dat,119,0.245760,0.080034,0.282904,3.023699,4460.430270,256078.852135,986083.984375,0.843863,0.453965,11962.890625,1.616655,1
drone_sample_iq.dat,120,0.247808,0.079164,0.281361,2.728711,3489.268333,259006.397948,984619.140625,0.855211,0.462008,11962.890625,1.642089,1
